{"0": [0.0, 0.13022739959092733, 0.3081681907620868, 0.3178727193143566, 0.3846139377029251, 0.30151800586024513, 0.23012427347027523, 0.22015458267905927, 0.10412412100125407, 0.0, 0.11403099278443349, 0.32576989616543633, 0.08287046227793299, 0.03485117765017221, 0.0377842966625432, 0.025884079909268148, 0.03718598480463799, 0.05962880865463129, 0.17355648412130584, 0.10934818966474893, 0.30045477655437747, 0.07678539867360884, 0.023196454995980133, 0.05444298053423997, 0.05262291114247517, 0.07047399135380213, 0.037115923149763155, 0.012384636910880709, 0.061545222923223064, 0.23307006075136055, 0.31598994250701534, 0.04841922710083574, 0.11678638178666448, 0.24145510168833867, 0.30747292476788524, 0.3029648272880818, 0.13984616128997016, 0.07480218826618312, 0.030503499263515976, 0.22216783070741022, 0.27441868773353806, 0.0483958130359315, 0.08312595140664726, 0.14804057353702188, 0.13129469378994016, 0.20531193683323248, 0.10860715064523982, 0.1261605839044533, 0.05376839286554336, 0.2209283588949523, 0.2858013427515618, 0.07456406243840813, 0.09468853341724591, 0.10636464153300208, 0.10229836289768568, 0.18341814133076823, 0.13772430718144707, 0.09939890166404375, 0.08114198604986718, 0.2420740725437993, 0.27964051345975405, 0.06501702384932528, 0.13340107864412346, 0.21882414578511564, 0.21227907043659333, 0.30114860404199434, 0.24524507214060207, 0.2146276789679954, 0.11053621216551493, 0.2518855829330056, 0.2952463522408863, 0.0522181875646079, 0.10619844114295715, 0.246813627021589, 0.2496011201992071, 0.35536671176727064, 0.15193294285649406, 0.11857950828511887, 0.1770079390540198, 0.22293722111693615, 0.12237662834851752, 0.2182561413020414, 0.03425651219712772, 0.07946988726440038, 0.12221740692584776, 0.26550564070704097, 0.09520806661564434, 0.14462200316949206, 0.2056014387057947, 0.02669614217719648, 0.023287434857072388, 0.11441602135906508, 0.2537966964006072, 0.23175460579887983, 0.2530071477022829, 0.26625950622459693, 0.27360730837682884, 0.13333132282654112, 0.01686678574717412, 0.0], "1": [0.03848461106697192, 0.007153082187295154, 0.011791224244198449, 0.027823249631539197, 0.010258631651511847, 0.03154077638554915, 0.022969924379188204, 0.011932489950085706, 0.04009519582366576, 0.1394494555644643, 0.019008510352816237, 0.004417836877808036, 0.002208918438904018, 0.0067857142857142855, 0.0027635033482142856, 0.011085383450566743, 0.03531116573801116, 0.01989433254717667, 0.021378401763902995, 0.12888332318895368, 0.03052748493802159, 0.00434271354251799, 0.001326818014303268, 0.03478041456049707, 0.02397400465805231, 0.040179440216543606, 0.018737010123557236, 0.024946822985798416, 0.03928788823214452, 0.14086859811146424, 0.01896635225128374, 0.029197027073609255, 0.05434622551089435, 0.13450680958202374, 0.15607825807759296, 0.17893345453800735, 0.0870862297965132, 0.04094897496404489, 0.04965282922452875, 0.09746073713596953, 0.03152338496035235, 0.028861562075315067, 0.036822279093679786, 0.11348927380754292, 0.11860588505122961, 0.16705496994706406, 0.08068848607893848, 0.10803167883392266, 0.1073732870839479, 0.06201277012244538, 0.030176457970704527, 0.03238896493558287, 0.06022544168960892, 0.08178035781023782, 0.07084550874010632, 0.14327189727208575, 0.1179024990788487, 0.10129842044376892, 0.07077803551810742, 0.04551870564529398, 0.021851550978459002, 0.03635638449090559, 0.07660882991687284, 0.15706094147965044, 0.1427059718849757, 0.2811750150427903, 0.21607786759348221, 0.14835760403800335, 0.10035058188403002, 0.03146587905670851, 0.03948898447842272, 0.038367663827415965, 0.10521354364949206, 0.2018227648128481, 0.21390463940527812, 0.28952268736574543, 0.0967336323416709, 0.10036579338999052, 0.06487208413769265, 0.047635787977133436, 0.04237162216431813, 0.08155179821555837, 0.07404964489120357, 0.11159637730923778, 0.06797535392602315, 0.18881605069459545, 0.09620348069642931, 0.02745480578862844, 0.015881390578825327, 0.03781387425987821, 0.41029107649835694, 0.1304915701222093, 0.0232017020614918, 0.05963732887321387, 0.031009313913474112, 0.16532355324933454, 0.09095005440468115, 0.001472612292602678, 0.032126709568201225, 0.12913422462131613], "2": [0.19130374612880718, 0.21806727447982469, 0.303051564302109, 0.3065931632281127, 0.19273932816919195, 0.14252303147624332, 0.09890893323184156, 0.06746256613013991, 0.02658377238747862, 0.0, 0.04656754877684675, 0.10857574004205486, 0.029247505500020362, 0.03562410351057567, 0.08060232438278231, 0.10737640969195636, 0.07019634919481542, 0.013988460601169974, 0.052205894338652144, 0.045628136972891475, 0.07018597805414858, 0.042087387780228955, 0.001469546193586658, 0.01600911478777737, 0.04677886660462877, 0.12357688567315939, 0.08854965783554107, 0.04053203433245884, 0.004176508626747185, 0.07155905960071862, 0.07539212385535146, 0.00968838832203448, 0.06514667866655158, 0.11918582711858682, 0.13399349151340792, 0.1732640063316087, 0.18982800900561972, 0.09428093608890059, 0.009219795997006367, 0.06784409085559374, 0.08403016641319284, 0.019100698205028903, 0.03133810028525698, 0.0725182906084512, 0.07830977032756732, 0.12007521522829907, 0.12795153652512675, 0.14487497251189482, 0.028857859545851322, 0.06732249651663051, 0.0798411661140556, 0.0305422205330799, 0.04627097736669038, 0.061595079203251, 0.10840259353008351, 0.13894181793061755, 0.21215723391164723, 0.16525595878512128, 0.0776431947431745, 0.06801925378193176, 0.12224557190416596, 0.09429469734359139, 0.15084034299865473, 0.1629154093534687, 0.19158908205546965, 0.23948015818523719, 0.2964655639155438, 0.23757393916450253, 0.1267358515120502, 0.20149194092994427, 0.19830806807498075, 0.1658510872070852, 0.17150470789974773, 0.2733935275603723, 0.22691267392076836, 0.25101909953781987, 0.2735179584029841, 0.1472272019114532, 0.17678494401370254, 0.29654659387524973, 0.304522662344002, 0.19373718981628732, 0.07300373100030959, 0.0681969144937756, 0.12002060858389989, 0.2651122790712414, 0.16224599358307404, 0.10063803346101315, 0.11953836010633156, 0.18207549003179768, 0.23089477570057562, 0.3057761700507425, 0.352165867040433, 0.3639386222107858, 0.34149586704773394, 0.22085964886263723, 0.09742892635092748, 0.04740413241007767, 0.03491745190130954, 0.17524596240967552]}